fecha,precio_real,precio_pred
2025-09-24,2597.7624511718714,2618.2497442297554
2025-09-25,2665.756347656251,2595.7893894812287
2025-09-26,2806.7434082031245,2665.045217776548
2025-09-29,2750.748535156251,2799.220071166372
2025-09-30,2699.7531738281255,2760.8307688051254
2025-10-01,2673.755615234373,2711.344887244044
2025-10-02,2714.751708984374,2681.228894064694
2025-10-03,2697.753417968749,2718.3025975131895
2025-10-06,2679.7548828125014,2699.849414497762
2025-10-07,2792.7446289062505,2681.325760660753
2025-10-08,2765.7470703125005,2784.163951178377
2025-10-09,2692.753662109375,2767.3939660659375
2025-10-10,2826.7414550781255,2669.520611269499
2025-10-13,2757.747802734374,2836.452668827407
2025-10-14,2774.7463378906264,2760.815519878854
2025-10-15,2786.745117187497,2777.6778472319297
2025-10-16,2662.7565917968745,2781.043241840492
2025-10-17,2696.75341796875,2681.983739164907
2025-10-20,2635.7590332031227,2705.4274154693976
2025-10-21,2637.7587890625,2640.4005873566243
2025-10-22,2641.758544921875,2635.367832729104
2025-10-23,2675.755371093748,2652.2908580718868
2025-10-24,2712.7519531250005,2679.7874137818485
2025-10-27,2771.746582031247,2722.3922006649154
2025-10-28,2853.739013671876,2767.7390626848323
2025-10-29,2814.7426757812505,2847.3831785666644
2025-10-30,2789.744873046874,2803.80184478533
2025-10-31,2789.744873046874,2795.050518592376
2025-11-01,2744.7490234374995,2790.8121994636986
2025-11-03,2662.7565917968745,2751.813804105166
2025-11-04,2652.7573242187495,2657.3794639051466
2025-11-05,2745.749023437499,2659.8095465021006
2025-11-06,2722.7509765625005,2725.6079041482694
2025-11-07,2749.748535156251,2727.700376467769
2025-11-10,2766.7470703124995,2767.7505865873663
2025-11-11,2806.7434082031245,2766.1735938685424
2025-11-12,2794.744384765626,2805.2561428078216
2025-11-13,2777.7460937499986,2782.816310436894
2025-11-14,2737.7497558593755,2778.511764897118
2025-11-17,2636.7587890625005,2732.506626165942
2025-11-18,2644.7580566406245,2641.2881684616423
2025-11-19,2646.758056640626,2648.3093846873885
2025-11-20,2576.764404296874,2632.10505905477
2025-11-21,2593.7629394531214,2596.4918110110875
2025-11-24,2670.7558593750005,2603.7047081171972
2025-11-25,2727.7504882812477,2672.8346024233883
2025-11-26,2689.754150390625,2732.569082514456
2025-11-27,2757.7478027343745,2695.3402351065697
2025-11-28,2819.7421875000005,2759.011936844792
2025-12-01,2770.746582031249,2809.816775521868
2025-12-02,2906.734130859374,2777.58817903457
2025-12-03,2980.7275390625,2901.5611986229565
2025-12-04,3009.7248535156223,2972.563090346621
2025-12-05,2957.7294921874995,3013.371176959638
2025-12-08,2920.7329101562505,2960.7545847336223
2025-12-09,2919.7329101562514,2919.6690588105926
2025-12-10,2962.7290039062477,2930.205179040159
2025-12-11,2931.731933593749,2968.5805156462447
2025-12-12,3039.7219238281245,2919.8780826808847
2025-12-15,3049.72119140625,3029.1680359967604
2025-12-16,3087.7177734374986,3044.966281268284
2025-12-17,3117.7148437499986,3075.4543774548983
2025-12-18,3140.7128906249995,3123.2548192626714
2025-12-19,3167.710449218749,3151.024164648578
2025-12-22,3234.7041015624973,3173.126684555567
2025-12-23,3223.705322265623,3235.4436326113228
2025-12-24,3223.705322265623,3230.66022833186
2025-12-26,3210.7062988281245,3236.8127837990805
2025-12-29,3315.6967773437523,3197.358215461124
2025-12-30,3278.7001953125023,3312.7769184630497
2025-12-31,3278.7001953125023,3272.244466400843
2026-01-01,3255.7023925781245,3279.980174997997
2026-01-02,3458.6838378906236,3261.8308202116364
2026-01-05,3541.6760253906277,3455.5721623621457
2026-01-06,3386.6904296875014,3543.2392795307096
2026-01-07,3335.6950683593764,3393.376799683243
2026-01-08,3472.6823730468755,3339.6935620046834
2026-01-09,3511.6789550781227,3468.9046295661346
2026-01-12,3531.677001953126,3517.0358906625474
2026-01-13,3575.6730957031245,3526.795995459095
2026-01-14,3664.6647949218777,3567.4137125090224
2026-01-15,3559.674560546875,3654.7646479313603
2026-01-16,3611.669677734376,3565.211673087669
2026-01-19,3546.67578125,3606.9404506255987
2026-01-20,3594.671386718752,3533.7818736402805
2026-01-21,3516.678466796874,3601.231316018899
2026-01-22,3583.6723632812486,3535.9003171046215
2026-01-23,3774.6547851562523,3588.184573778736
2026-01-26,3755.656494140627,3764.248520325947
2026-01-27,3707.660888671878,3759.8296205008965
2026-01-28,3785.653808593752,3717.4412702632358
2026-01-29,3647.6665039062523,3790.9088028017263
2026-01-30,3647.6665039062523,3644.49445071966
2026-02-01,3639.6672363281236,3649.454407135464
2026-02-02,3867.646240234374,3641.5759653797186
2026-02-03,3626.668457031249,3844.158359276826
2026-02-04,3534.676757812499,3638.9442492841904
2026-02-05,3580.672607421875,3531.2818191072865
2026-02-06,3817.6508789062523,3603.186948552637
2026-02-09,3647.6665039062523,3802.273552667611
2026-02-10,3869.6462402343736,3663.392820978111
2026-02-11,3728.658935546874,3845.5922898128415
2026-02-12,3710.6606445312473,3718.830874051973
2026-02-13,3745.657470703124,3716.5460644378736
2026-02-16,3616.669189453124,3742.8568264755895
2026-02-17,3999.6342773437527,3626.3415157224786
2026-02-18,3874.6457519531227,3965.133215546199
2026-02-19,3991.6350097656264,3883.938801478014
2026-02-20,4080.6269531250005,3993.4793598354413
2026-02-23,4212.61474609375,4054.183886155585
2026-02-24,4454.592773437499,4215.877791623879
2026-02-25,4259.610351562502,4441.273291728425
2026-02-26,4327.6044921875,4275.861584998131
2026-02-27,4327.6044921875,4318.737751543743
2026-03-01,4157.61962890625,4329.525135915111
2026-03-02,3914.6420898437505,4172.054047128307
2026-03-03,4044.6301269531255,3924.9761442369454
2026-03-04,3856.6474609375027,4045.766549579121
2026-03-05,3737.6582031249973,3866.9575202215374
2026-03-06,3661.665283203127,3739.1173635696405
2026-03-09,3880.645263671874,3684.264611814936
2026-03-10,3824.6501464843736,3857.7674279813764
2026-03-11,3707.660888671878,3827.736417413282
2026-03-12,3502.679687500002,3702.216871584517
2026-03-13,3520.6779785156273,3514.9467535649296
2026-03-16,3561.6743164062505,3537.6823838737705
2026-03-17,3468.682861328123,3558.179705260098
2026-03-18,3272.7006835937514,3455.9673107203034
2026-03-19,3142.7126464843736,3292.393355049548
2026-03-20,3372.6916503906273,3138.640158869193
2026-03-23,3380.6909179687523,3363.834035010664
2026-03-24,3473.682373046873,3374.4184604728734
2026-03-25,3245.7031249999973,3474.3145971163585
2026-03-26,3265.7014160156227,3251.19336710279
2026-03-27,3160.7109375000027,3246.564092322884
2026-03-30,3326.69580078125,3170.2843326465027
2026-03-31,3481.681640625,3345.1816456267134
2026-04-01,3456.683837890628,3474.0547140246013
2026-04-02,3456.6838378906277,3458.3138452150442
2026-04-03,3456.6838378906277,3458.1428162852126
2026-04-06,3470.1826171874986,3464.3933773071367
2026-04-07,3776.6545410156277,3469.9420929271696
2026-04-08,3676.6638183593777,3782.1234275008323
2026-04-09,3787.653564453126,3698.8751128323634
2026-04-10,3767.6555175781227,3780.4180162485013
2026-04-13,3874.6457519531227,3790.9645766901153
2026-04-14,3889.6442871093727,3883.4022454245037
2026-04-15,3769.9999999999977,3900.0578115935446
2026-04-16,3958.9999999999995,3789.1351722332593
2026-04-17,3783.500000000003,3954.033342083875
2026-04-20,3707.999999999997,3801.1294049984494
2026-04-21,3782.5,3708.3019469492106
2026-04-22,3831.0000000000014,3792.8120748777396
2026-04-23,3685.9999999999995,3818.061995286154
2026-04-24,3610.0000000000027,3714.285052078099
2026-04-27,3488.0000000000005,3622.5341985506884
2026-04-28,3438.0000000000023,3493.8024536431208
2026-04-29,3549.500000000001,3442.6347759383516
2026-04-30,3550.9999999999977,3553.623864849371
2026-05-01,3550.9999999999977,3555.568216515368
2026-05-04,3561.499999999999,3540.102080272882
2026-05-05,3818.5,3578.465900200566
2026-05-06,3898.499999999998,3815.8454568468874
2026-05-07,3904.5000000000005,3883.4422697192927
2026-05-08,4042.000000000002,3924.1691366360997
2026-05-11,3953.9999999999977,4036.4771286328646
2026-05-12,4298.999999999998,3966.9699745224743
2026-05-13,4267.000000000003,4270.214734161848
2026-05-14,3810.0000000000023,4278.695935506837
2026-05-15,3786.0,3834.6908721523214
2026-05-18,3649.000000000003,3792.091206618631
2026-05-19,3821.9999999999977,3653.3396431877395
2026-05-20,3894.000000000003,3821.470043325477
2026-05-21,3931.0000000000005,3886.455853380987
2026-05-22,3931.0,3936.704204192507
2026-05-25,4074.9999999999973,3932.6871352077965
2026-05-26,4093.000000000001,4067.686939377894
2026-05-27,4165.999999999999,4089.499564253832
2026-05-28,4098.000000000002,4171.993761992744
2026-05-29,4098.000000000002,4109.948307146864
